,DURATION,PROTOCOL,PACKETS,BYTES,FLAGS,CLASS
count,10310733.0,10310733,10310733.0,10310733,10310733,10310733
unique,0.0,4,0.0,94160,20,3
top,0.0,TCP  ,0.0,      66,.A....,normal
freq,0.0,8959616,0.0,2657282,3004114,8515329
mean,0.11162296725169779,0,12.161611109510837,0,0,0
std,0.7936921676416281,0,823.9047619653328,0,0,0
min,0.0,0,1.0,0,0,0
25%,0.0,0,1.0,0,0,0
50%,0.001,0,2.0,0,0,0
75%,0.023,0,4.0,0,0,0
max,202.578,0,204237.0,0,0,0
