FEATURE,KURTOSIS
DURATION,345.62351729147525
PROTOCOL,46.09566753837827
PACKETS,2.8089553410483714
BYTES,21.55506990183667
FLAGS,0.8030905905268031
CLASS,-0.9191026796661204
