,DURATION,PROTOCOL,PACKETS,BYTES,FLAGS,CLASS
count,986.0,986.0,986.0,986.0,986.0,986.0
mean,0.0026875708253302224,0.5010141987829615,0.05518593644354293,0.09780386589324082,0.6604969574036511,0.5
std,0.04523122566769478,0.07123982375431046,0.06394507584439493,0.11605531585890018,0.22966654962751096,0.5002537427212305
min,0.0,0.0,0.0,0.0,0.0,0.0
25%,0.0,0.5,0.033333333333333326,0.04057401554625437,0.75,0.0
50%,0.0,0.5,0.039999999999999994,0.04689502007346032,0.75,0.5
75%,0.0004885889103834829,0.5,0.059999999999999984,0.14418723840437345,0.75,1.0
max,1.0,1.0,1.0,1.0,1.0,1.0
