,DURATION,PROTOCOL,PACKETS,BYTES,FLAGS,CLASS
count,37703.0,37703.0,37703.0,37703.0,37703.0,37703.0
mean,0.001026632767575069,0.5707635997135506,0.00014448722109614885,0.00010795864288763504,0.3896639524706257,0.09659708776489935
std,0.011384172758344557,0.1750059841171102,0.007945515731332757,0.008194186714613264,0.2700888986603149,0.2954122628257944
min,0.0,0.0,0.0,0.0,0.0,0.0
25%,0.0,0.5,0.0,9.983362809073369e-08,0.2222222222222222,0.0
50%,0.0,0.5,8.434334488837159e-06,4.15973450378057e-07,0.2777777777777778,0.0
75%,0.0,0.5,2.5303003466511476e-05,1.8178039781521093e-06,0.6666666666666666,0.0
max,1.0,1.0,1.0,1.0,1.0,1.0
