FEATURE,SKEW
DURATION,18.35426104927733
PROTOCOL,4.017076355885427
PACKETS,1.3703956019636785
BYTES,4.839130658978082
FLAGS,-1.4692150179165928
CLASS,-1.040856363849996
