FEATURE,SKEW
DURATION,25.058935968367027
PROTOCOL,0.6525052481185677
PACKETS,25.020343459308272
BYTES,25.021895018295538
FLAGS,-1.5737660430329068
CLASS,-1.65640016554781
