FEATURE,SKEW
DURATION,48.11690090199611
PROTOCOL,2.0216209682512805
PACKETS,93.5435573338687
BYTES,103.88933963140342
FLAGS,0.16187436648161435
CLASS,2.731263140490265
