,DURATION,PROTOCOL,PACKETS,BYTES,FLAGS,CLASS
count,742.0,742.0,742.0,742.0,742.0,742.0
mean,0.00813001291880962,0.5060646900269542,0.15726598116535223,0.04803138232858609,0.6827493261455525,0.7304582210242587
std,0.05237596648393854,0.07087946559872617,0.14652964668886076,0.1856729974821609,0.2595521716155897,0.4440210755427221
min,0.0,0.0,0.0,0.0,0.0,0.0
25%,0.0,0.5,0.06172839506172839,0.003261699493695283,0.6000000000000001,0.0
50%,0.0009251263556244126,0.5,0.08641975308641975,0.006208348468113181,0.8,1.0
75%,0.007124171386483123,0.5,0.2345679012345679,0.022122106168318518,0.8,1.0
max,1.0,1.0,1.0,1.0,1.0,1.0
