,DURATION,PROTOCOL,PACKETS,BYTES,FLAGS,CLASS
count,691.0,691.0,691.0,691.0,691.0,691.0
mean,0.003780080969127545,0.5014471780028944,0.06197780993728896,0.11727951797488531,0.6246985045827302,0.7134587554269175
std,0.054001212720260636,0.08511333298708094,0.065828637315263,0.1287145353285931,0.2646044383749909,0.452472808974901
min,0.0,0.0,0.0,0.0,0.0,0.0
25%,0.0,0.5,0.03333333333333333,0.022208934825318185,0.5,0.0
50%,0.00030140273308188663,0.5,0.04,0.04689502007346032,0.75,1.0
75%,0.0008486996972182354,0.5,0.10666666666666667,0.19787306739557528,0.75,1.0
max,1.0,1.0,1.0000000000000002,1.0,1.0,1.0
