,DURATION,PROTOCOL,PACKETS,BYTES,FLAGS,CLASS
count,7284.0,7284.0,7284.0,7284.0,7284.0,7284.0
mean,0.0011755287574652924,0.5394700713893466,0.000318324961005969,0.00025464340786891224,0.5435124168649704,0.5
std,0.014163293609109827,0.13884557405050835,0.011824284583788409,0.01188655913870492,0.288492828224031,0.5000343253355706
min,0.0,0.0,0.0,0.0,0.0,0.0
25%,0.0,0.5,0.0,4.748215785975756e-06,0.2222222222222222,0.0
50%,0.0,0.5,0.00016763756757889441,3.143894391623342e-05,0.7222222222222222,0.5
75%,0.0,0.5,0.00016763756757889441,3.143894391623342e-05,0.7777777777777777,1.0
max,1.0,1.0,1.0,1.0,1.0,1.0
