,DURATION,PROTOCOL,PACKETS,BYTES,FLAGS,CLASS
count,400.0,400.0,400.0,400.0,400.0,400.0
mean,0.032497848912422155,0.50375,0.1318827160493827,0.028937186339409483,0.7177499999999999,0.5
std,0.07131875840872343,0.06612009655104717,0.13813356641443197,0.13704502011273242,0.22491421366550388,0.5006261743217588
min,0.0,0.0,0.0,0.0,0.0,0.0
25%,0.0,0.5,0.06172839506172839,0.003825083951697196,0.8,0.0
50%,0.0,0.5,0.07407407407407407,0.004255035248593392,0.8,0.5
75%,0.05680676313968531,0.5,0.19753086419753085,0.016627254464451183,0.8,1.0
max,1.0,1.0,1.0,1.0,1.0,1.0
