,DURATION,PROTOCOL,PACKETS,BYTES,FLAGS,CLASS
count,228.0,228.0,228.0,228.0,228.0,228.0
mean,0.00440389810944868,0.9956140350877193,0.00572100378364505,0.005566138798040949,0.6654704944178629,0.5
std,0.06622555209265357,0.0662266178532522,0.06614635107958232,0.06615989022264882,0.19323649422796138,0.5011001113409407
min,0.0,0.0,0.0,0.0,0.0,0.0
25%,0.0,1.0,0.0007865345288658171,0.00047637749461802514,0.7272727272727273,0.0
50%,0.0,1.0,0.0009438414346389807,0.0005291063012742189,0.7272727272727273,0.5
75%,1.914758006797203e-05,1.0,0.0022022966808242883,0.002031877290975737,0.7272727272727273,1.0
max,1.0,1.0,1.0,1.0,1.0,1.0
