,DURATION,PROTOCOL,PACKETS,BYTES,FLAGS,CLASS
count,50.0,50.0,50.0,50.0,50.0,50.0
mean,0.020172176872963923,0.02,0.02009730006960472,0.0204380220250692,0.6400000000000001,0.5
std,0.14139745496631143,0.14142135623730948,0.14140738684930274,0.14136266555449783,0.2482592456711824,0.5050762722761054
min,0.0,0.0,0.0,0.0,0.0,0.0
25%,0.0,0.0,3.663406235117412e-05,1.6612931092658604e-05,0.7000000000000001,0.0
50%,0.0,0.0,4.3960874821408944e-05,1.9951646370503588e-05,0.7000000000000001,0.5
75%,0.00028409077998283654,0.0,0.00013737773381690294,0.00010106468565689208,0.7000000000000001,1.0
max,1.0,1.0,1.0,0.9999999999999999,1.0,1.0
