,DURATION,PROTOCOL,PACKETS,BYTES,FLAGS,CLASS
count,159373.0,159373,159373.0,159373,159373,159373
unique,0.0,4,0.0,3335,25,5
top,0.0,TCP  ,0.0,    3185,.AP.SF,suspicious
freq,0.0,154591,0.0,23832,106328,116588
mean,79.66315564116884,0,18.47507419700953,0,0,0
std,5552.439125741357,0,701.8269267252629,0,0,0
min,0.0,0,1.0,0,0,0
25%,0.064,0,6.0,0,0,0
50%,9.072,0,15.0,0,0,0
75%,10.661,0,19.0,0,0,0
max,584199.578,0,119128.0,0,0,0
