,DURATION,PROTOCOL,PACKETS,BYTES,FLAGS,CLASS
count,68122.0,68122.0,68122.0,68122.0,68122.0,68122.0
mean,0.0005789150722918537,0.5390916297231437,9.478863708202795e-05,6.053752405731811e-05,0.542890369891926,0.5
std,0.008499726462456576,0.13763265886388906,0.005911300409960778,0.006096264895230855,0.28830893720816997,0.500003669926785
min,0.0,0.0,0.0,0.0,0.0,0.0
25%,0.0,0.5,0.0,2.412646012192731e-07,0.2222222222222222,0.0
50%,0.0,0.5,3.3737337955348635e-05,1.8178039781521093e-06,0.7222222222222222,0.5
75%,0.0,0.5,3.3737337955348635e-05,1.8178039781521093e-06,0.7777777777777777,1.0
max,1.0,1.0,1.0,1.0,1.0,1.0
