,DURATION,PROTOCOL,PACKETS,BYTES,FLAGS,CLASS
count,1028.0,1028.0,1028.0,1028.0,1028.0,1028.0
mean,0.003909691417280955,0.5004863813229572,0.005327929810515569,0.00509136671878279,0.614461738002594,0.5
std,0.06228615392074947,0.05174422912414407,0.0622070920118067,0.06222207357085653,0.1712009054362923,0.5002433682305217
min,0.0,0.0,0.0,0.0,0.0,0.0
25%,0.0,0.5,0.0007865345288658171,0.00047637749461802514,0.6666666666666666,0.0
50%,0.0,0.5,0.0009438414346389807,0.0005291063012742189,0.6666666666666666,0.5
75%,1.9504044192070157e-05,0.5,0.002516910492370615,0.002031877290975737,0.6666666666666666,1.0
max,1.0,1.0,1.0,1.0,1.0,1.0
