,DURATION,PROTOCOL,PACKETS,BYTES,FLAGS,CLASS
count,186004.0,186004,186004.0,186004,186004,186004
unique,0.0,4,0.0,5856,25,5
top,0.0,TCP  ,0.0,    3185,.AP.SF,suspicious
freq,0.0,181809,0.0,11319,114979,116127
mean,109.99681233199286,0,20.66695339885164,0,0,0
std,6150.923179433705,0,444.3187854474584,0,0,0
min,0.0,0,1.0,0,0,0
25%,0.062,0,6.0,0,0,0
50%,1.481,0,7.0,0,0,0
75%,11.044,0,19.0,0,0,0
max,604817.074,0,62423.0,0,0,0
