FEATURE,SKEW
DURATION,16.151316422754267
PROTOCOL,0.3982482479868649
PACKETS,24.24827546081699
BYTES,24.061454694297762
FLAGS,-0.5798346406098097
CLASS,-4.5464055327149
