FEATURE,KURTOSIS
DURATION,3082.9329335670477
PROTOCOL,2.2206085127158253
PACKETS,10042.701080698049
BYTES,11699.487545536396
FLAGS,-1.4077119222932242
CLASS,5.460087976578768
