,DURATION,PROTOCOL,PACKETS,BYTES,FLAGS,CLASS
count,396.0,396.0,396.0,396.0,396.0,396.0
mean,0.0030446317832932227,0.5,0.05284511784511784,0.09477882955289633,0.6666666666666666,0.5
std,0.050242632084011384,0.06162360225133207,0.06547017122850154,0.11541687915728054,0.2308030376621868,0.5006325113218328
min,0.0,0.0,0.0,0.0,0.0,0.0
25%,0.0,0.5,0.033333333333333326,0.04057401554625437,0.75,0.0
50%,0.0,0.5,0.039999999999999994,0.046638763133168185,0.75,0.5
75%,0.0004892369848569055,0.5,0.04166666666666666,0.14401640044417868,0.75,1.0
max,1.0,1.0,1.0,1.0,1.0,1.0
