,DURATION,PROTOCOL,PACKETS,BYTES,FLAGS,CLASS
count,628.0,628.0,628.0,628.0,628.0,628.0
mean,0.0016228706639567232,0.5007961783439491,0.0033903646013372086,0.003179126936501037,0.5816082802547771,0.8184713375796179
std,0.039903650732101725,0.06622182420713442,0.03985341034286882,0.039861046077531485,0.2125954480086458,0.3857628422606581
min,0.0,0.0,0.0,0.0,0.0,0.0
25%,0.0,0.5,0.0007865345288658171,0.0004391036830162332,0.6666666666666666,1.0
50%,1.855755289832749e-05,0.5,0.0022022966808242883,0.0019373290859370455,0.6666666666666666,1.0
75%,2.1312882887601005e-05,0.5,0.002831524303916942,0.002866447023913423,0.6666666666666666,1.0
max,1.0,1.0,1.0,1.0000000000000002,1.0,1.0
