FEATURE,KURTOSIS
DURATION,627.9667235012465
PROTOCOL,54.51787484227117
PACKETS,626.675555779486
BYTES,626.7268320206377
FLAGS,1.407961777065334
CLASS,0.746027244812971
