,DURATION,PROTOCOL,PACKETS,BYTES,FLAGS,CLASS
count,172838.0,172838,172838.0,172838,172838,172838
unique,0.0,4,0.0,4695,25,3
top,0.0,TCP  ,0.0,      46,.AP.SF,suspicious
freq,0.0,168800,0.0,16805,103729,107344
mean,136.29055911894375,0,13.809798771103576,0,0,0
std,5215.645494326047,0,232.72515144225997,0,0,0
min,0.0,0,1.0,0,0,0
25%,0.057,0,5.0,0,0,0
50%,5.93,0,7.0,0,0,0
75%,16.84825,0,17.0,0,0,0
max,519611.231,0,34136.0,0,0,0
