,DURATION,PROTOCOL,PACKETS,BYTES,FLAGS,CLASS
count,153026.0,153026,153026.0,153026,153026,153026
unique,0.0,4,0.0,6789,23,5
top,0.0,TCP  ,0.0,      46,.AP.SF,suspicious
freq,0.0,145711,0.0,15584,73312,97852
mean,109.52583485812872,0,45.359056630899325,0,0,0
std,2213.6637283113687,0,1993.7959264032074,0,0,0
min,0.0,0,1.0,0,0,0
25%,0.561,0,3.0,0,0,0
50%,4.51,0,16.0,0,0,0
75%,12.237,0,24.0,0,0,0
max,260500.914,0,176609.0,0,0,0
