FEATURE,SKEW
DURATION,47.79508577843937
PROTOCOL,2.0410014569818182
PACKETS,111.69952823480115
BYTES,157.45819925453327
FLAGS,0.2350552790363544
CLASS,2.7390034833466292
