FEATURE,SKEW
DURATION,18.263884165875613
PROTOCOL,0.5381659680291713
PACKETS,5.079318710625181
BYTES,1.60532995591437
FLAGS,-1.2077429379613844
CLASS,-0.9462596213935497
