FEATURE,KURTOSIS
DURATION,285.0729540248293
PROTOCOL,17.41552579732976
PACKETS,587.9858723318157
BYTES,581.7145565497591
FLAGS,-0.7613305485299375
CLASS,18.73351147487931
