,DURATION,PROTOCOL,PACKETS,BYTES,FLAGS,CLASS
count,1126.0,1126.0,1126.0,1126.0,1126.0,1126.0
mean,0.0181248500729641,0.5013321492007105,0.016966685322058635,0.01719703194831901,0.6234458259325045,0.5
std,0.1304463205137776,0.08026623353260177,0.1288440833788365,0.12883263527017183,0.22819295966427067,0.5002221728614419
min,0.0,0.0,0.0,0.0,0.0,0.0
25%,0.0,0.5,3.663406235117412e-05,1.7032273448505052e-05,0.7000000000000001,0.0
50%,0.0,0.5,4.3960874821408944e-05,1.890324288034841e-05,0.7000000000000001,0.5
75%,0.00028438617925282165,0.5,0.00013188262446422682,7.106458031639514e-05,0.7000000000000001,1.0
max,1.0,1.0,1.0,1.0,1.0,1.0
