,DURATION,PROTOCOL,PACKETS,BYTES,FLAGS,CLASS
count,1084.0,1084.0,1084.0,1084.0,1084.0,1084.0
mean,0.00556612703949913,0.5041512915129152,0.1289918454740103,0.034443022822951676,0.7191881918819187,0.5
std,0.04348828933602899,0.058697144261081136,0.12822989649591962,0.15489020096938652,0.22205471614240926,0.5002307869959036
min,0.0,0.0,0.0,0.0,0.0,0.0
25%,0.0,0.5,0.06172839506172839,0.0035211528625119534,0.8,0.0
50%,0.0,0.5,0.07407407407407407,0.004255035248593392,0.8,0.5
75%,0.006017765981764153,0.5,0.19753086419753085,0.01650864721013499,0.8,1.0
max,1.0,1.0,1.0,1.0,1.0,1.0
