FEATURE,KURTOSIS
DURATION,335.3698145262622
PROTOCOL,31.769810994225722
PACKETS,61.802008037789584
BYTES,4.29328164696026
FLAGS,0.04589237969791915
CLASS,-1.1078075211952123
