,DURATION,PROTOCOL,PACKETS,BYTES,FLAGS,CLASS
count,588.0,588.0,588.0,588.0,588.0,588.0
mean,0.003983586116118892,0.5025510204081632,0.0018149436570613151,0.0022520362671453317,0.5714285714285715,0.9574829931972789
std,0.05061148231738466,0.11110543720326675,0.041234831195672485,0.041327039142049174,0.2969464127773373,0.20193727343392653
min,0.0,0.0,0.0,0.0,0.0,0.0
25%,0.0,0.5,1.4653624940469647e-05,4.903230235175696e-06,0.4,1.0
50%,0.0001434428557686554,0.5,0.00011722899952375717,6.661296339235403e-05,0.7000000000000001,1.0
75%,0.0003765431771479125,0.5,0.0001831703117558706,0.00010183880166085311,0.7000000000000001,1.0
max,1.0,1.0,1.0,0.9999999999999999,1.0,1.0
