FEATURE,KURTOSIS
DURATION,3035.5479657096907
PROTOCOL,2.5219291924773755
PACKETS,13423.894328593
BYTES,25936.752752469954
FLAGS,-1.3808307843971117
CLASS,5.50249474550594
