Algoritmo,Acurácia,Precisão,Recall (Normal),Recall (Suspeito),AUC
One Class SVM,0.6616161616161617,0.2201072925195371,0.989010989010989,0.38317757009345793,0.6860942795522235
Elliptic Envelop,0.601010101010101,0.062070818506219316,0.967032967032967,0.2897196261682243,0.6283762966005957
Isolation Forest,0.5757575757575758,-0.022612819761011926,0.967032967032967,0.24299065420560748,0.6050118106192872
Local Outlier Factor,0.5,-0.18209606986899562,0.8901098901098901,0.16822429906542055,0.5291670945876553
