Algoritmo,Acurácia,Precisão,Recall (Normal),Recall (Suspeito),AUC
Extra Trees,1.0,1.0,1.0,1.0,1.0
Gradient Boosting,1.0,1.0,1.0,1.0,1.0
Random Forest,1.0,1.0,1.0,1.0,1.0
Decistion Tree,1.0,1.0,1.0,1.0,1.0
Bagging,0.9949494949494949,0.9894246330710419,0.989010989010989,1.0,0.9945054945054945
KNN,0.98989898989899,0.9890689421712456,0.989010989010989,0.9906542056074766,0.9898325973092328
Ada Boost,0.9848484848484849,0.9809391807046225,0.989010989010989,0.9813084112149533,0.9851597001129712
