Algoritmo,Acurácia,Precisão,Recall (Normal),Recall (Suspeito),AUC
Bagging,1.0,1.0,1.0,1.0,1.0
Gradient Boosting,1.0,1.0,1.0,1.0,1.0
Random Forest,1.0,1.0,1.0,1.0,1.0
Decistion Tree,1.0,1.0,1.0,1.0,1.0
Ada Boost,0.9951456310679612,0.9897980374850734,1.0,0.9893617021276596,0.9946808510638299
Extra Trees,0.9951456310679612,0.9897980374850734,1.0,0.9893617021276596,0.9946808510638299
KNN,0.9902912621359223,0.9795385739638793,1.0,0.9787234042553191,0.9893617021276595
