Algoritmo,Acurácia,Precisão,Recall (Normal),Recall (Suspeito),AUC
Extra Trees,0.9980917431192661,0.9970727547458803,0.9991143911439114,0.997080291970803,0.9980973415573572
KNN,0.9980917431192661,0.9973669001101152,0.9988191881918819,0.9973722627737226,0.9980957254828022
Bagging,0.9979449541284404,0.996926625563771,0.9989667896678966,0.9969343065693431,0.9979505481186199
Random Forest,0.9979449541284404,0.996926625563771,0.9989667896678966,0.9969343065693431,0.9979505481186199
Decistion Tree,0.9978715596330275,0.9969271135240835,0.9988191881918819,0.9969343065693431,0.9978767473806125
Gradient Boosting,0.9937614678899083,0.9908464221612295,0.9908487084870848,0.9966423357664234,0.9937455221267542
Ada Boost,0.990605504587156,0.9859594283558316,0.9859778597785978,0.9951824817518248,0.9905801707652113
