Algoritmo,Acurácia,Precisão,Recall (Normal),Recall (Suspeito),AUC
Ada Boost,0.9915254237288136,0.9146023468057366,0.8571428571428571,1.0,0.9285714285714286
Bagging,0.9915254237288136,0.9146023468057366,0.8571428571428571,1.0,0.9285714285714286
Extra Trees,0.9915254237288136,0.9146023468057366,0.8571428571428571,1.0,0.9285714285714286
Gradient Boosting,0.9915254237288136,0.9146023468057366,0.8571428571428571,1.0,0.9285714285714286
Random Forest,0.9915254237288136,0.9146023468057366,0.8571428571428571,1.0,0.9285714285714286
Decistion Tree,0.9915254237288136,0.9146023468057366,0.8571428571428571,1.0,0.9285714285714286
KNN,0.9915254237288136,0.9146023468057366,0.8571428571428571,1.0,0.9285714285714286
