Algoritmo,Acurácia,Precisão,Recall (Normal),Recall (Suspeito),AUC
Isolation Forest,0.2033898305084746,-0.5309851694915254,1.0,0.15315315315315314,0.5765765765765766
Elliptic Envelop,0.15254237288135594,-0.6671297582661849,1.0,0.0990990990990991,0.5495495495495496
Local Outlier Factor,0.15254237288135594,-0.6671297582661849,1.0,0.0990990990990991,0.5495495495495496
One Class SVM,0.11864406779661017,-0.7627118644067796,1.0,0.06306306306306306,0.5315315315315315
