Algoritmo,Acurácia,Precisão,Recall (Normal),Recall (Suspeito),AUC
Bagging,0.9979409746053535,0.997254632807138,0.9986263736263736,0.9972565157750343,0.997941444700704
Extra Trees,0.9979409746053535,0.997254632807138,0.9986263736263736,0.9972565157750343,0.997941444700704
Gradient Boosting,0.9979409746053535,0.997254632807138,0.9986263736263736,0.9972565157750343,0.997941444700704
Random Forest,0.9979409746053535,0.997254632807138,0.9986263736263736,0.9972565157750343,0.997941444700704
Decistion Tree,0.9979409746053535,0.997254632807138,0.9986263736263736,0.9972565157750343,0.997941444700704
KNN,0.9979409746053535,0.997254632807138,0.9986263736263736,0.9972565157750343,0.997941444700704
Ada Boost,0.997254632807138,0.9958800604125195,0.9986263736263736,0.9958847736625515,0.9972555736444626
