Algoritmo,Acurácia,Precisão,Recall (Normal),Recall (Suspeito),AUC
KNN,0.9993369579631348,0.9966819144579682,0.9998530708198649,0.9945578231292517,0.9972054469745583
Extra Trees,0.9990717411483888,0.9980768007562019,0.9992653540993242,0.9972789115646259,0.998272132831975
Bagging,0.9989391327410158,0.9980177162870132,0.9991184249191889,0.9972789115646259,0.9981986682419074
Random Forest,0.9989391327410158,0.9980177162870132,0.9991184249191889,0.9972789115646259,0.9981986682419074
Decistion Tree,0.9989391327410158,0.9980177162870132,0.9991184249191889,0.9972789115646259,0.9981986682419074
Gradient Boosting,0.9942978384829598,0.9926390814394164,0.9939759036144579,0.9972789115646259,0.9956274075895419
Ada Boost,0.9871369844848163,0.9822282130815564,0.9861886570672935,0.9959183673469387,0.9910535122071161
