Algoritmo,Acurácia,Precisão,Recall (Normal),Recall (Suspeito),AUC
Extra Trees,0.9974874371859297,0.9966520246974975,0.9983221476510067,0.9966555183946488,0.9974888330228278
Gradient Boosting,0.9974874371859297,0.9966520246974975,0.9983221476510067,0.9966555183946488,0.9974888330228278
Random Forest,0.9974874371859297,0.9966520246974975,0.9983221476510067,0.9966555183946488,0.9974888330228278
Bagging,0.9966499162479062,0.9949636040915381,0.9949664429530202,0.9983277591973244,0.9966471010751723
Ada Boost,0.9958123953098827,0.9932822048975575,0.9932885906040269,0.9983277591973244,0.9958081749006756
Decistion Tree,0.9958123953098827,0.9949643049220435,0.9949664429530202,0.9966555183946488,0.9958109806738344
KNN,0.9958123953098827,0.9949643049220435,0.9949664429530202,0.9966555183946488,0.9958109806738344
