Algoritmo,Acurácia,Precisão,Recall (Normal),Recall (Suspeito),AUC
Elliptic Envelop,0.6194690265486725,0.05403065297815157,0.9649122807017544,0.26785714285714285,0.6163847117794486
One Class SVM,0.5929203539823009,-0.043636500427901015,0.9649122807017544,0.21428571428571427,0.5895989974937343
Isolation Forest,0.5619469026548672,-0.10242993738438688,0.9298245614035088,0.1875,0.5586622807017544
Local Outlier Factor,0.43805309734513276,-0.39768177297187024,0.7982456140350878,0.07142857142857142,0.4348370927318296
