Algoritmo,Acurácia,Precisão,Recall (Normal),Recall (Suspeito),AUC
One Class SVM,0.5010697093956142,-0.18100734748952518,0.8380480905233381,0.1583962603380079,0.498222175430673
Elliptic Envelop,0.40880727402389017,-0.5566112006226895,0.7970297029702971,0.014023732470334413,0.40552671772031573
Isolation Forest,0.39195935104296664,-0.5715108580927513,0.7634370579915134,0.014203523912261776,0.3888202909518876
Local Outlier Factor,0.38295596362988055,-0.6080497796412707,0.7561881188118812,0.0034160373966199207,0.37980207810425054
