Algoritmo,Acurácia,Precisão,Recall (Normal),Recall (Suspeito),AUC
KNN,0.9995165968417661,0.9988097598401348,0.999645390070922,0.9982332155477032,0.9989393028093125
Extra Trees,0.999033193683532,0.9985924791928082,0.999113475177305,0.9982332155477032,0.9986733453625041
Bagging,0.9985497905252981,0.9983753403258099,0.9985815602836879,0.9982332155477032,0.9984073879156956
Random Forest,0.9985497905252981,0.9983753403258099,0.9985815602836879,0.9982332155477032,0.9984073879156956
Decistion Tree,0.9959716403480503,0.994723615131154,0.9957446808510638,0.9982332155477032,0.9969889481993834
Gradient Boosting,0.9922655494682565,0.9889656101397868,0.9916666666666667,0.9982332155477032,0.9949499411071849
Ada Boost,0.985659039639059,0.9825928152796944,0.9851063829787234,0.991166077738516,0.9881362303586196
