Algoritmo,Acurácia,Precisão,Recall (Normal),Recall (Suspeito),AUC
One Class SVM,0.40939597315436244,-0.2781040268456377,1.0,0.18518518518518517,0.5925925925925926
Elliptic Envelop,0.38926174496644295,-0.33873825503355703,1.0,0.1574074074074074,0.5787037037037037
Isolation Forest,0.38926174496644295,-0.33873825503355703,1.0,0.1574074074074074,0.5787037037037037
Local Outlier Factor,0.33557046979865773,-0.45033031349115965,0.926829268292683,0.1111111111111111,0.518970189701897
