Algoritmo,Acurácia,Precisão,Recall (Normal),Recall (Suspeito),AUC
Bagging,0.9875,0.9730072463768117,0.9714285714285714,1.0,0.9857142857142858
Extra Trees,0.9875,0.9730072463768117,0.9714285714285714,1.0,0.9857142857142858
Gradient Boosting,0.9875,0.9730072463768117,0.9714285714285714,1.0,0.9857142857142858
Random Forest,0.9875,0.9730072463768117,0.9714285714285714,1.0,0.9857142857142858
Decistion Tree,0.9875,0.9730072463768117,0.9714285714285714,1.0,0.9857142857142858
KNN,0.9875,0.9730072463768117,0.9714285714285714,1.0,0.9857142857142858
Ada Boost,0.975,0.9455882352941176,0.9428571428571428,1.0,0.9714285714285714
