Algoritmo,Acurácia,Precisão,Recall (Normal),Recall (Suspeito),AUC
Elliptic Envelop,0.6739130434782609,0.156671664167916,1.0,0.3181818181818182,0.6590909090909091
One Class SVM,0.6521739130434783,0.08074534161490676,1.0,0.2727272727272727,0.6363636363636364
Isolation Forest,0.5652173913043478,-0.2681159420289856,1.0,0.09090909090909091,0.5454545454545454
Local Outlier Factor,0.5434782608695652,-0.36956521739130443,1.0,0.045454545454545456,0.5227272727272727
