,DURATION,PROTOCOL,PACKETS,BYTES,FLAGS,CLASS
count,56088.0,56088.0,56088.0,56088.0,56088.0,56088.0
mean,0.0006924983815223407,0.5352392668663529,6.65885838982936e-05,3.094689187708689e-05,0.5037322303047592,0.5
std,0.009787703826596366,0.13877166369131186,0.005479428248230597,0.004425890726279515,0.3025794941231316,0.5000044573410178
min,0.0,0.0,0.0,0.0,0.0,0.0
25%,0.0,0.5,0.0,6.934412861153828e-08,0.2222222222222222,0.0
50%,0.0,0.5,1.8052931194261578e-05,1.2626410084684265e-06,0.6666666666666666,0.5
75%,0.0,0.5,3.008821865710263e-05,1.4533373621501566e-06,0.7777777777777777,1.0
max,1.0,1.0,1.0,1.0,1.0,1.0
