,DURATION,PROTOCOL,PACKETS,BYTES,FLAGS,CLASS
count,5970.0,5970.0,5970.0,5970.0,5970.0,5970.0
mean,0.0009152641356798818,0.5358458961474036,0.0016665675719820373,0.0005043661529474286,0.5041876046901173,0.5
std,0.01426900611068814,0.13990218576652366,0.01847106933691103,0.017873811982681814,0.3028954697076848,0.5000418813084455
min,0.0,0.0,0.0,0.0,0.0,0.0
25%,0.0,0.5,0.0,3.0000157500826876e-06,0.2222222222222222,0.0
50%,0.0,0.5,0.0012239902080783355,5.462528678275561e-05,0.6666666666666666,0.5
75%,0.0,0.5,0.0016319869441044472,6.2875330095483e-05,0.7777777777777777,1.0
max,1.0,1.0,1.0,0.9999999999999999,1.0,1.0
