,DURATION,PROTOCOL,PACKETS,BYTES,FLAGS,CLASS
count,8451520.0,8451520,8451520.0,8451520,8451520,8451520
unique,0.0,4,0.0,89693,20,3
top,0.0,TCP  ,0.0,      66,.A....,normal
freq,0.0,7393818,0.0,2279907,2652182,7010897
mean,0.11415973351539127,0,15.030531904320169,0,0,0
std,0.7683693743491519,0,976.8317200341766,0,0,0
min,0.0,0,1.0,0,0,0
25%,0.0,0,1.0,0,0,0
50%,0.0,0,2.0,0,0,0
75%,0.025,0,4.0,0,0,0
max,224.412,0,208768.0,0,0,0
