,DURATION,PROTOCOL,PACKETS,BYTES,FLAGS,CLASS
count,31029.0,31029.0,31029.0,31029.0,31029.0,31029.0
mean,0.001223669051914182,0.5675497115601534,0.0001022714348251535,5.501998831051676e-05,0.3806474946376329,0.09620032872474137
std,0.013109624694712984,0.17279297672885036,0.00736678010027034,0.005950410739693938,0.2692490871140103,0.2948705269284228
min,0.0,0.0,0.0,0.0,0.0,0.0
25%,0.0,0.5,0.0,6.934412861153828e-08,0.2222222222222222,0.0
50%,0.0,0.5,6.017643731420525e-06,2.600404822932686e-07,0.2222222222222222,0.0
75%,0.0,0.5,1.8052931194261575e-05,1.2626410084684265e-06,0.6666666666666666,0.0
max,1.0,1.0,0.9999999999999999,1.0,1.0,1.0
