Algoritmo,Acurácia,Precisão,AUC
Extra Trees,0.9975040114102336,0.997149225782614,0.9975043899806251
KNN,0.99723658406133,0.9969654510192484,0.9972362948293347
Bagging,0.9966125869138884,0.9960722774898664,0.9966120108979908
Random Forest,0.9965234444642539,0.9958935373644272,0.9965227729897274
Decistion Tree,0.9950971652701016,0.9930315098589627,0.9950949664575125
Gradient Boosting,0.9914423248350864,0.9878365981069687,0.9914385007777127
Ada Boost,0.9846674986628633,0.9808485406132967,0.9846634761399448
